name,category,brand,img_path
"Йодофіт концентрат, фунгіцид, 2 мл, Швидка допомога",АГРОХІМІКАТИ,ФУНГІЦИДИ,IMG/02504.webp
Хелат Заліза 5 г Провентус,АГРОХІМІКАТИ,ДОБРИВА,IMG/03100.webp
"Оприскувач помповий 101428, 3 л",МАТЕРІАЛИ,ПОЛИВ,IMG/101428.webp
Граблі віялові пластик,МАТЕРІАЛИ,САДОВО-ГОРОДНІЙ ІНВЕНТАР,IMG/11006.webp
"Антимедведка Рембек, інсектицид, пшоно 125 г",АГРОХІМІКАТИ,ІНСЕКТИЦИДИ,IMG/1390.webp
Ножівка садова складна Mastertool 200 мм,МАТЕРІАЛИ,САДОВО-ГОРОДНІЙ ІНВЕНТАР,IMG/14-6019.webp
Секатор прищеплювальний Mastertool 210*10 мм,МАТЕРІАЛИ,САДОВО-ГОРОДНІЙ ІНВЕНТАР,IMG/14-6116.webp
Секатор садовий MasterTool 200х12 мм,МАТЕРІАЛИ,САДОВО-ГОРОДНІЙ ІНВЕНТАР,IMG/14-6124.webp
Ножиці для стрижки кущів Mastertool 550 мм,МАТЕРІАЛИ,САДОВО-ГОРОДНІЙ ІНВЕНТАР,IMG/14-6130.webp
Ножиці для стрижки кущів Mastertool 550 мм лезо хвилею,МАТЕРІАЛИ,САДОВО-ГОРОДНІЙ ІНВЕНТАР,IMG/14-6131.webp
Степлер садовий Mastertool 330 мм,МАТЕРІАЛИ,САДОВО-ГОРОДНІЙ ІНВЕНТАР,IMG/14-6150.webp
Мотижка Mastertool 630-910х 180 мм гумова ручка,МАТЕРІАЛИ,САДОВО-ГОРОДНІЙ ІНВЕНТАР,IMG/14-6176.webp
Розрихлювач Mastertool 630-910х 180 мм гумова ручка,МАТЕРІАЛИ,САДОВО-ГОРОДНІЙ ІНВЕНТАР,IMG/14-6177.webp
Граблі прямі 300*90 мм пласт..ручка Мастертул,МАТЕРІАЛИ,САДОВО-ГОРОДНІЙ ІНВЕНТАР,IMG/14-6183.webp
Лопатка посадкова Mastertool 300х80 мм ручка дерево,МАТЕРІАЛИ,САДОВО-ГОРОДНІЙ ІНВЕНТАР,IMG/14-6187.webp
Лопатка посадкова Mastertool 300х60 мм ручка дерево,МАТЕРІАЛИ,САДОВО-ГОРОДНІЙ ІНВЕНТАР,IMG/14-6188.webp
Мотижка 260*155 мм дерев.ручка Мастертул,МАТЕРІАЛИ,САДОВО-ГОРОДНІЙ ІНВЕНТАР,IMG/14-6189.webp
Граблі прямі 255*95 мм дерев.ручка Мастертул,МАТЕРІАЛИ,САДОВО-ГОРОДНІЙ ІНВЕНТАР,IMG/14-6191.webp
Вила садові 14-6192,МАТЕРІАЛИ,САДОВО-ГОРОДНІЙ ІНВЕНТАР,IMG/14-6192.webp
Мотижка 380*190 мм дерев.ручка подовжена Мастертул,МАТЕРІАЛИ,САДОВО-ГОРОДНІЙ ІНВЕНТАР,IMG/14-6194.webp
"Розпушувач Mastertool 450*85 мм, подовжена",МАТЕРІАЛИ,САДОВО-ГОРОДНІЙ ІНВЕНТАР,IMG/14-6195.webp
Мотижка комбінована кірка 380*190 мм дерев.ручка подовжена Мастертул,МАТЕРІАЛИ,САДОВО-ГОРОДНІЙ ІНВЕНТАР,IMG/14-6197.webp
"Лопата штикова Mastertool 210х290 мм - 0,7 кг чорна",МАТЕРІАЛИ,САДОВО-ГОРОДНІЙ ІНВЕНТАР,IMG/14-6255.webp
"Вугілля для мангала 2,5 кг",МАТЕРІАЛИ,САДОВО-ГОРОДНІЙ ІНВЕНТАР,IMG/14472.webp
"Корм ЕЛІТ СупеМеню для папуг, 500 г",ДЛЯ ТВАРИН,КОРМА,IMG/1455.webp
Іграшка для птахів Природа Гойдалки 1 шт,ДЛЯ ТВАРИН,ЗООТОВАРИ,IMG/153361.webp
"Корм для рибок Акваінтенсив, 10 г",ДЛЯ ТВАРИН,КОРМА,IMG/158101.webp
"Корм для рибок АкваПлант, 10 г",ДЛЯ ТВАРИН,КОРМА,IMG/158111.webp
"Біовіт для рептилій Природа Черепашки гранульований, 25 г",ДЛЯ ТВАРИН,КОРМА,IMG/158141.webp
"Кілочки садові для кріплення агроволокна, 1 шт",МАТЕРІАЛИ,САДОВО-ГОРОДНІЙ ІНВЕНТАР,IMG/30348.webp
Ножівка садова Interertool 180 мм,МАТЕРІАЛИ,САДОВО-ГОРОДНІЙ ІНВЕНТАР,IMG/3142.webp
Ножівка садова Interertool 350 мм,МАТЕРІАЛИ,САДОВО-ГОРОДНІЙ ІНВЕНТАР,IMG/3150.webp
Ножиці для стрижки трави PRC  340 мм,МАТЕРІАЛИ,САДОВО-ГОРОДНІЙ ІНВЕНТАР,IMG/3193.webp
Лопатка садова Сила 330х90 мм з ручкою пластик,МАТЕРІАЛИ,САДОВО-ГОРОДНІЙ ІНВЕНТАР,IMG/400362.webp
"Сітка шпалерна 1,7*5 м",МАТЕРІАЛИ,САДОВО-ГОРОДНІЙ ІНВЕНТАР,IMG/4016.webp
"Сітка шпалерна 1,7*10 м",МАТЕРІАЛИ,САДОВО-ГОРОДНІЙ ІНВЕНТАР,IMG/4017.webp
Лопата садова деревяна ручка 45-411,МАТЕРІАЛИ,САДОВО-ГОРОДНІЙ ІНВЕНТАР,IMG/45-411.webp
Мотижка садова деревяна ручка 45-413,МАТЕРІАЛИ,САДОВО-ГОРОДНІЙ ІНВЕНТАР,IMG/45-413.webp
"Розпушувач садовий ручка дерево, 45-419",МАТЕРІАЛИ,САДОВО-ГОРОДНІЙ ІНВЕНТАР,IMG/45-419.webp
"Ешольція звичайна суміш, 0,3 г Яскрава",НАСІННЯ ВІТЧИЗНЯНЕ,ЯСКРАВА,IMG/47328.webp
"Клеома суміш, 0,2 г Яскрава",НАСІННЯ ВІТЧИЗНЯНЕ,ЯСКРАВА,IMG/47349.webp
"Ромашка садова велика жовта багаторічна, 0,3 г Яскрава",НАСІННЯ ВІТЧИЗНЯНЕ,ЯСКРАВА,IMG/47404.webp
"Сітка шпалерна, 1 м, (2 м х 500 м)",МАТЕРІАЛИ,САДОВО-ГОРОДНІЙ ІНВЕНТАР,IMG/482018631.webp
"Оприскувач помповий Flora, 2 л 5004334",МАТЕРІАЛИ,ПОЛИВ,IMG/5004334.webp
"Оприскувач помповий Flora, 3 л 5004354",МАТЕРІАЛИ,ПОЛИВ,IMG/5004354.webp
"Волосінь для тримера Сила 2,0 мм х 15 м коло",МАТЕРІАЛИ,ВОЛОСІНЬ,IMG/550113.webp
"Волосінь для тримера Сила 2,7 мм х 15 м коло",МАТЕРІАЛИ,ВОЛОСІНЬ,IMG/550117.webp
"Волосінь для тримера Сила 3,0 мм х 15 м коло",МАТЕРІАЛИ,ВОЛОСІНЬ,IMG/550119.webp
"Волосінь для тримера Сила 2,4 мм х 15 м трикутник",МАТЕРІАЛИ,ВОЛОСІНЬ,IMG/550132.webp
"Волосінь для тримера Сила 3,0 мм х 15 м квадрат",МАТЕРІАЛИ,ВОЛОСІНЬ,IMG/550149.webp
"Волосінь для тримера Сила 1,6 мм х 15 м зірка",МАТЕРІАЛИ,ВОЛОСІНЬ,IMG/550171.webp
"Волосінь для тримера Сила 2,4 мм х 15 м зірка",МАТЕРІАЛИ,ВОЛОСІНЬ,IMG/550175.webp
"Волосінь для тримера Сила 3,0 мм х 15 м зірка",МАТЕРІАЛИ,ВОЛОСІНЬ,IMG/550179.webp
"Волосінь для тримера Сила 2,4 мм х 15 м квадрат кручений",МАТЕРІАЛИ,ВОЛОСІНЬ,IMG/550203.webp
"Волосінь для тримера Сила 2,7 мм х 15 м квадрат кручений",МАТЕРІАЛИ,ВОЛОСІНЬ,IMG/550205.webp
"Волосінь для тримера Сила 3,0 мм х 15 м квадрат кручений",МАТЕРІАЛИ,ВОЛОСІНЬ,IMG/550207.webp
"Волосінь для тримера Сила 2,4 мм х 15 м квадрат армований",МАТЕРІАЛИ,ВОЛОСІНЬ,IMG/550231.webp
"Волосінь для тримера Сила 3,0 мм х 15 м квадрат армований",МАТЕРІАЛИ,ВОЛОСІНЬ,IMG/550235.webp
"Волосінь для тримера Сила 2,4 мм х 15 м семикутник",МАТЕРІАЛИ,ВОЛОСІНЬ,IMG/550252.webp
"Волосінь для тримера Сила 2,7 мм х 15 м семикутник",МАТЕРІАЛИ,ВОЛОСІНЬ,IMG/550253.webp
"Волосінь для тримера Сила 2,7 мм х 15 м квадрат PRO",МАТЕРІАЛИ,ВОЛОСІНЬ,IMG/550277.webp
"Волосінь для тримера Сила 3,0 мм х 15 м квадрат PRO",МАТЕРІАЛИ,ВОЛОСІНЬ,IMG/550278.webp
"Волосінь для тримера Сила 2,4 мм х 15 м зірка PRO",МАТЕРІАЛИ,ВОЛОСІНЬ,IMG/550281.webp
"Волосінь для тримера Сила 2,7 мм х 15 м зірка PRO",МАТЕРІАЛИ,ВОЛОСІНЬ,IMG/550282.webp
"Волосінь для тримера Сила 3,0 мм х 15 м зірка PRO",МАТЕРІАЛИ,ВОЛОСІНЬ,IMG/550283.webp
Ножівка садова Велкут НС-791,МАТЕРІАЛИ,САДОВО-ГОРОДНІЙ ІНВЕНТАР,IMG/550395.webp
Лопатка садова Сила 320х80 мм з ручкою пластик,МАТЕРІАЛИ,САДОВО-ГОРОДНІЙ ІНВЕНТАР,IMG/550502.webp
"Адаптер Сила 1/2"" з вн різьб 1/2"" і 3/4""",КРАПЕЛЬНЕ ЗРОШУВАННЯ,,IMG/551011.webp
"Адаптер Сила 1/2"" з вн різьб 1/2"" і 3/4"" і 1""",КРАПЕЛЬНЕ ЗРОШУВАННЯ,,IMG/551012.webp
Муфта ремонтна Сила 1/2 х 1/2,КРАПЕЛЬНЕ ЗРОШУВАННЯ,,IMG/551151.webp
Муфта ремонтна Сила 3/4 х 3/4,КРАПЕЛЬНЕ ЗРОШУВАННЯ,,IMG/551152.webp
Муфта ремонтна Сила 1/2 х 3/4,КРАПЕЛЬНЕ ЗРОШУВАННЯ,,IMG/551153.webp
Муфта ремонтна Сила 3/4 х 3/4 PRO,КРАПЕЛЬНЕ ЗРОШУВАННЯ,,IMG/551154.webp
Муфта ремонтна Сила 1/2 х 3/4 PRO,КРАПЕЛЬНЕ ЗРОШУВАННЯ,,IMG/551155.webp
Муфта ремонтна Сила 1/2 х 1/2 PRO,КРАПЕЛЬНЕ ЗРОШУВАННЯ,,IMG/551156.webp
Конектор Сила 1/2 х 1/2,КРАПЕЛЬНЕ ЗРОШУВАННЯ,,IMG/551161.webp
Конектор Сила 1/2 х 1/2 з клапаном,КРАПЕЛЬНЕ ЗРОШУВАННЯ,,IMG/551162.webp
Конектор Сила 1/2 х 3/4,КРАПЕЛЬНЕ ЗРОШУВАННЯ,,IMG/551163.webp
Конектор Сила 1/2 х 3/4 з клапаном,КРАПЕЛЬНЕ ЗРОШУВАННЯ,,IMG/551164.webp
Насадка для поливу СИЛА для конектора 1/2,МАТЕРІАЛИ,ПОЛИВ,IMG/551221.webp
Насадка для поливу СИЛА для конектора 1/2 PRO,МАТЕРІАЛИ,ПОЛИВ,IMG/551222.webp
"Пістолет для поливу СИЛА, регулювання потоку PRO",МАТЕРІАЛИ,ПОЛИВ,IMG/551225.webp
Зажим-кліпса R28925,МАТЕРІАЛИ,САДОВО-ГОРОДНІЙ ІНВЕНТАР,IMG/6 624.webp
Оприскувач Горизонт,МАТЕРІАЛИ,ПОЛИВ,IMG/6 700.webp
"Нашийник для тварин 30 мм х 0,55 м брезент 7212",ДЛЯ ТВАРИН,ВЕТПРЕПАРАТИ,IMG/7212.webp
"Корм ЕЛІТ для  Середніх папуг, 500 г",ДЛЯ ТВАРИН,КОРМА,IMG/7388.webp
"Шпагат поліпропіленовий, 100 г",МАТЕРІАЛИ,САДОВО-ГОРОДНІЙ ІНВЕНТАР,IMG/7622.webp
"Шпагат поліпропіленовий, 200 м",МАТЕРІАЛИ,САДОВО-ГОРОДНІЙ ІНВЕНТАР,IMG/7623.webp
Муфта ремонтна Gartner 1/2 х 3/4,КРАПЕЛЬНЕ ЗРОШУВАННЯ,,IMG/80057080.webp
Вила 4-рогі молотк. 1 шт,МАТЕРІАЛИ,САДОВО-ГОРОДНІЙ ІНВЕНТАР,IMG/8018.webp
Окуляри захисні Mastertool - озон жовті,МАТЕРІАЛИ,ВОЛОСІНЬ,IMG/82-0050.webp
"Каліус, для приватного сектору, 20 г",АГРОХІМІКАТИ,РЕГУЛЯТОРИ РОСТУ,IMG/8800.webp
"Каліус, для приватного сектору, 100 г",АГРОХІМІКАТИ,РЕГУЛЯТОРИ РОСТУ,IMG/8801.webp
"Каліус, для розкладання жирів, 20 г",АГРОХІМІКАТИ,РЕГУЛЯТОРИ РОСТУ,IMG/8825.webp
"Мурахоїд Рембек, гель, інсектицид, 10 мл",АГРОХІМІКАТИ,ІНСЕКТИЦИДИ,IMG/8947.webp
"Душ Пістолет для поливу MASTERTOOL, регулювання потоку",МАТЕРІАЛИ,ПОЛИВ,IMG/92-9301.webp
"Адаптер Mastertool 1/2"" з внутр.різьбл.1/2""",КРАПЕЛЬНЕ ЗРОШУВАННЯ,,IMG/92-9307.webp
Конектор Mastertool 1/2 х 1/2 з клапаном,КРАПЕЛЬНЕ ЗРОШУВАННЯ,,IMG/92-9314.webp
Муфта ремонтна Mastertool 1/2 х 1/2,КРАПЕЛЬНЕ ЗРОШУВАННЯ,,IMG/92-9317.webp
"Адаптер Mastertool 1/2"" без різьб 1/2"" і 3/4""",КРАПЕЛЬНЕ ЗРОШУВАННЯ,,IMG/92-9328.webp
Дощувач Вертоліт Мастертул 1/2 х 12 м на коліщатках,МАТЕРІАЛИ,ПОЛИВ,IMG/92-9332.webp
"Пісок для птахів Природа, 1 кг",ДЛЯ ТВАРИН,ЗООТОВАРИ,IMG/942110.webp
Волосінь для тримера Intertool 1.6 мм х 15 м коло,МАТЕРІАЛИ,ВОЛОСІНЬ,IMG/dt-2301.webp
Волосінь для тримера Intertool 2.0 мм х 15 м коло,МАТЕРІАЛИ,ВОЛОСІНЬ,IMG/dt-2302.webp
Волосінь для тримера Intertool 1.6 мм х 15 м зірка,МАТЕРІАЛИ,ВОЛОСІНЬ,IMG/dt-2306.webp
Волосінь для тримера Intertool 2.0 мм х 15 м зірка,МАТЕРІАЛИ,ВОЛОСІНЬ,IMG/dt-2307.webp
Волосінь для тримера Intertool 2.7 мм х 15 м зірка,МАТЕРІАЛИ,ВОЛОСІНЬ,IMG/dt-2309.webp
Волосінь для тримера Intertool 1.6 мм х 15 м квадрат,МАТЕРІАЛИ,ВОЛОСІНЬ,IMG/dt-2311.webp
Волосінь для тримера Intertool 1.6 мм х 15 м квадрат армований,МАТЕРІАЛИ,ВОЛОСІНЬ,IMG/dt-2316.webp
Волосінь для тримера Intertool 2.7 мм х 15 м квадрат армований,МАТЕРІАЛИ,ВОЛОСІНЬ,IMG/dt-2319.webp
Волосінь для тримера Intertool 1.6 мм х 15 м квадрат кручений,МАТЕРІАЛИ,ВОЛОСІНЬ,IMG/dt-2321.webp
Волосінь для тримера Intertool 2.0 мм х 15 м квадрат кручений,МАТЕРІАЛИ,ВОЛОСІНЬ,IMG/dt-2322.webp
Волосінь для тримера Intertool 2.4 мм х 15 м квадрат кручений,МАТЕРІАЛИ,ВОЛОСІНЬ,IMG/dt-2323.webp
Волосінь для тримера Intertool 2.7 мм х 15 м квадрат кручений,МАТЕРІАЛИ,ВОЛОСІНЬ,IMG/dt-2324.webp
Волосінь для тримера Intertool 1.6 мм х 15 м квадрат кручений армований,МАТЕРІАЛИ,ВОЛОСІНЬ,IMG/dt-2326.webp
Волосінь для тримера Intertool 2.0 мм х 15 м квадрат кручений армований,МАТЕРІАЛИ,ВОЛОСІНЬ,IMG/dt-2327.webp
Волосінь для тримера Intertool 2.4 мм х 15 м квадрат кручений армований,МАТЕРІАЛИ,ВОЛОСІНЬ,IMG/dt-2328.webp
Волосінь для тримера Intertool 2.7 мм х 15 м квадрат кручений армований,МАТЕРІАЛИ,ВОЛОСІНЬ,IMG/dt-2329.webp
Волосінь для тримера Intertool 3.0 мм х 15 м квадрат кручений,МАТЕРІАЛИ,ВОЛОСІНЬ,IMG/dt-2330.webp
Секатор Intertool - 200 мм х 10 мм,МАТЕРІАЛИ,САДОВО-ГОРОДНІЙ ІНВЕНТАР,IMG/ft-1000.webp
Секатор Intertool - 200 мм х 15 мм,МАТЕРІАЛИ,САДОВО-ГОРОДНІЙ ІНВЕНТАР,IMG/ft-1003.webp
Секатор Intertool - 200 мм х 22 мм храповий,МАТЕРІАЛИ,САДОВО-ГОРОДНІЙ ІНВЕНТАР,IMG/ft-1005.webp
Секатор Intertool - 200 мм х 8 мм автозамок PRO,МАТЕРІАЛИ,САДОВО-ГОРОДНІЙ ІНВЕНТАР,IMG/ft-1012.webp
Секатор Intertool - 200 мм х 8 мм,МАТЕРІАЛИ,САДОВО-ГОРОДНІЙ ІНВЕНТАР,IMG/ft-1014.webp
Секатор Intertool - 220 мм х 0 мм виноградний,МАТЕРІАЛИ,САДОВО-ГОРОДНІЙ ІНВЕНТАР,IMG/ft-1015.webp
Сучкоріз садовий Intertool - 712-1020 х 40 мм,МАТЕРІАЛИ,САДОВО-ГОРОДНІЙ ІНВЕНТАР,IMG/ft-1107.webp
"Лопата американка ребра жорсткості Intertool - 0,8 кг молоткова",МАТЕРІАЛИ,САДОВО-ГОРОДНІЙ ІНВЕНТАР,IMG/ft-2000.webp
"Лопата американка Intertool - 0,8 кг молоткова",МАТЕРІАЛИ,САДОВО-ГОРОДНІЙ ІНВЕНТАР,IMG/ft-2003.webp
Граблі  Intertool - 14 зубів молоткові,МАТЕРІАЛИ,САДОВО-ГОРОДНІЙ ІНВЕНТАР,IMG/ft-2010.webp
Граблі віялові посилені - 22 прута,МАТЕРІАЛИ,САДОВО-ГОРОДНІЙ ІНВЕНТАР,IMG/ft-3002.webp
Граблі віялові Intertool - 15 прутів розсувні з ручкою,МАТЕРІАЛИ,САДОВО-ГОРОДНІЙ ІНВЕНТАР,IMG/ft-3004.webp
"Оприскувач пневматичний Intertool, 5 л",МАТЕРІАЛИ,ПОЛИВ,IMG/ft-9005.webp
"Пістолет поливальний Intertool, 8 функцій",МАТЕРІАЛИ,ПОЛИВ,IMG/ge-0001.webp
"Душ Пістолет-розпилювач для поливу INTERTOOL, 8 функцій",МАТЕРІАЛИ,ПОЛИВ,IMG/ge-0002.webp
"Душ Пістолет для поливу INTERTOOL, плавне ругулювання, 3 функцій",МАТЕРІАЛИ,ПОЛИВ,IMG/ge-0015.webp
Насадка для поливу Intertool - плавне регулювання води для конектора 1/2,МАТЕРІАЛИ,ПОЛИВ,IMG/ge-0021.webp
Насадка для поливу INTERTOOL для конектора 1/2 PRO,МАТЕРІАЛИ,ПОЛИВ,IMG/ge-0030.webp
Дощувач Intertool пульсуючий пластик на милиці до 12 м,МАТЕРІАЛИ,ПОЛИВ,IMG/ge-0051.webp
Дощувач Intertool круговий на милиці до 8 м,МАТЕРІАЛИ,ПОЛИВ,IMG/ge-0054.webp
Дощувач Intertool пульсуючий цинк на милиці до 12 м,МАТЕРІАЛИ,ПОЛИВ,IMG/ge-0056.webp
Дощувач пульсуючий до 24 м,МАТЕРІАЛИ,ПОЛИВ,IMG/ge-0065.webp
"Адаптер Intertool 1/2"" з зовн різьб 1/2""",КРАПЕЛЬНЕ ЗРОШУВАННЯ,,IMG/ge-1001.webp
"Адаптер Intertool 1/2"" з зовн різьб 3/4""",КРАПЕЛЬНЕ ЗРОШУВАННЯ,,IMG/ge-1002.webp
Адаптер-трійник для конектора Intertool 1/2 х 1/2 х 1/2,КРАПЕЛЬНЕ ЗРОШУВАННЯ,,IMG/ge-1003.webp
"Адаптер-двійник для конектора Intertool 1/2"" х 1/2""",КРАПЕЛЬНЕ ЗРОШУВАННЯ,,IMG/ge-1005.webp
"Адаптер-двійник для конектора Intertool 3/4"" х 3/4""",КРАПЕЛЬНЕ ЗРОШУВАННЯ,,IMG/ge-1006.webp
"Адаптер Intertool 1/2"" з вн різьб 3/4"" і 1""",КРАПЕЛЬНЕ ЗРОШУВАННЯ,,IMG/ge-1011.webp
Муфта ремонтна Intertool 1/2 х 1/2,КРАПЕЛЬНЕ ЗРОШУВАННЯ,,IMG/ge-1013.webp
Муфта ремонтна Intertool 1/2 х 3/4,КРАПЕЛЬНЕ ЗРОШУВАННЯ,,IMG/ge-1015.webp
Конектор Intertool 3/4 х 3/4,КРАПЕЛЬНЕ ЗРОШУВАННЯ,,IMG/ge-1018.webp
Конектор Intertool 1/2 х 3/4 з клапаном,КРАПЕЛЬНЕ ЗРОШУВАННЯ,,IMG/ge-1020.webp
Конектор Intertool 3/4 х 3/4 з клапаном,КРАПЕЛЬНЕ ЗРОШУВАННЯ,,IMG/ge-1021.webp
Муфта ремонтна Intertool 1/2 х 1/2 PRO,КРАПЕЛЬНЕ ЗРОШУВАННЯ,,IMG/ge-1113.webp
Муфта ремонтна Intertool 3/4 х 3/4 PRO,КРАПЕЛЬНЕ ЗРОШУВАННЯ,,IMG/ge-1114.webp
Муфта ремонтна Intertool 1/2 х 3/4 PROF,КРАПЕЛЬНЕ ЗРОШУВАННЯ,,IMG/ge-1115.webp
Конектор Intertool 1/2 х 1/2 PRO,КРАПЕЛЬНЕ ЗРОШУВАННЯ,,IMG/ge-1116.webp
Конектор Intertool 1/2 х 3/4 PRO,КРАПЕЛЬНЕ ЗРОШУВАННЯ,,IMG/ge-1117.webp
Кільце гумове для адаптера Intertool Storm 1/2,МАТЕРІАЛИ,ПОЛИВ,IMG/ge-1510.webp
Розподільник Intertool 2-х канальний 1/2 з внутрішнім різбленням 1/2 і 3/4,КРАПЕЛЬНЕ ЗРОШУВАННЯ,,IMG/ge-2003.webp
Ножівка садова Interertool 255 мм,МАТЕРІАЛИ,САДОВО-ГОРОДНІЙ ІНВЕНТАР,IMG/ht-3144.webp
"Фалькон, фунгіцид, 10 мл, Bayer",АГРОХІМІКАТИ,ФУНГІЦИДИ,IMG/n02555.webp
"Шавіт Ф, фунгіцид, 20 г, Adama",АГРОХІМІКАТИ,ФУНГІЦИДИ,IMG/n02842.webp
РУКАВИЦЯ прорезинова жіноча з малюнком Х4-2,МАТЕРІАЛИ,САДОВО-ГОРОДНІЙ ІНВЕНТАР,IMG/sp-0163.webp
"Штанга для обприскувача телескопічна Sprayer 1,6 - 3 м",МАТЕРІАЛИ,ПОЛИВ,IMG/ат-084.webp
Гілкоріз з пилкою посилений,МАТЕРІАЛИ,САДОВО-ГОРОДНІЙ ІНВЕНТАР,IMG/м216.webp
"Плоскоріз Фокіна 90 мм, без ручки",МАТЕРІАЛИ,САДОВО-ГОРОДНІЙ ІНВЕНТАР,IMG/мл90.webp
"Бі-58, інсектицид, 10 мл",АГРОХІМІКАТИ,ІНСЕКТИЦИДИ,IMG/п1331.webp
"Мурацид, інсектицид, 1 мл",АГРОХІМІКАТИ,ІНСЕКТИЦИДИ,IMG/п1400.webp
"Грім-2, інсектицид, 10 г",АГРОХІМІКАТИ,ІНСЕКТИЦИДИ,IMG/п1401.webp
"Метальдегід, інсектицид, 15 г",АГРОХІМІКАТИ,ІНСЕКТИЦИДИ,IMG/п1404.webp
"Арцерид, фунгіцид, 40 г",АГРОХІМІКАТИ,ФУНГІЦИДИ,IMG/п1407.webp
"Антракол, фунгіцид, 15 г",АГРОХІМІКАТИ,ФУНГІЦИДИ,IMG/п1408.webp
"Цвинтар, гербіцид, 300 мл, ДДЕ Фарм АГ",АГРОХІМІКАТИ,ГЕРБІЦИДИ,IMG/п40889.webp
"Монофосфат калію, добриво-стимулятор, 250 г",АГРОХІМІКАТИ,ДОБРИВА,IMG/р03025.webp
"Калієва селітра, добриво-стимулятор, 400 г",АГРОХІМІКАТИ,ДОБРИВА,IMG/р03030.webp
"Кальцієва селітра, добриво-стимулятор, 500 г",АГРОХІМІКАТИ,ДОБРИВА,IMG/р03031.webp
"Сульфат калію - калій сірчанокислий, добриво-стимулятор, кг",АГРОХІМІКАТИ,ДОБРИВА,IMG/р03036.webp
"Сульфат магнію кристалічний, добриво-стимулятор, 500 г",АГРОХІМІКАТИ,ДОБРИВА,IMG/р03038.webp
"Калій хлористий, калійна сіль, кг",АГРОХІМІКАТИ,ДОБРИВА,IMG/р03053.webp
"Магнієва селітра - нітрат магнію, добриво-стимулятор, 500 г",АГРОХІМІКАТИ,ДОБРИВА,IMG/р05216.webp
"Сульфат амонію (амоній сірчанокислий), 500 г",АГРОХІМІКАТИ,ДОБРИВА,IMG/р1529.webp
"Гумат калію, регулятор росту, 30 г",АГРОХІМІКАТИ,РЕГУЛЯТОРИ РОСТУ,IMG/р1544.webp
Мотижка комбінована DV - 400 мм з ручкою,МАТЕРІАЛИ,САДОВО-ГОРОДНІЙ ІНВЕНТАР,IMG/с023.webp
"Калісулмаг - калійно-сірчано-магнієве добриво-стимулятор, кг",АГРОХІМІКАТИ,ДОБРИВА,IMG/с05598.webp
"Плоскоріз Фокіна 170 мм, без ручки",МАТЕРІАЛИ,САДОВО-ГОРОДНІЙ ІНВЕНТАР,IMG/ср170.webp
